{"cameraMode":{"drawMode":0,"name":"Shaded","section":"Shading Mode"},"sceneLighting":false,"audioPlay":false,"sceneViewState":{"m_AlwaysRefresh":false,"showFog":true,"showSkybox":false,"showFlares":true,"showImageEffects":true,"showParticleSystems":true,"showVisualEffectGraphs":true,"m_FxEnabled":true},"in2DMode":false,"pivot":{"x":-0.01660633087158203,"y":0.7956366539001465,"z":-2.3935816287994386},"rotation":{"x":0.03330659493803978,"y":-0.0014979983679950238,"z":0.00010229954204987735,"w":0.9995414614677429},"size":1.1803432703018189,"orthographic":false}